1,Gladiators_Arena
2,DEV_Test_Arena_1v1
3,Test_Map
4,Warriors_Isle
5,Hunters_Isle
6,Wizards_Isle
7,Warriors_Isle
8,Hunters_Isle
9,Wizards_Isle
10,Bloodstone_Fen
11,The_Wilds
12,Aurora_Glade
13,Diessa_Lowlands
14,Gates_of_Kryta
15,DAlessio_Seaboard
16,Divinity_Coast
17,Talmark_Wilderness
18,The_Black_Curtain
19,Sanctum_Cay
20,Droknars_Forge
21,The_Frost_Gate
22,Ice_Caves_of_Sorrow
23,Thunderhead_Keep
24,Iron_Mines_of_Moladune
25,Borlis_Pass
26,Talus_Chute
27,Griffons_Mouth
28,The_Great_Northern_Wall
29,Fort_Ranik
30,Ruins_of_Surmia
31,Xaquang_Skyway
32,Nolani_Academy
33,Old_Ascalon
34,The_Fissure_of_Woe
35,Ember_Light_Camp
36,Grendich_Courthouse
37,Glint_Challenge
38,Augury_Rock
39,Sardelac_Sanitarium
40,Piken_Square
41,Sage_Lands
42,Mamnoon_Lagoon
43,Silverwood
44,Ettins_Back
45,Reed_Bog
46,The_Falls
47,Dry_Top
48,Tangle_Root
49,Henge_of_Denravi
50,Test_Map
51,Senjis_Corner
52,Burning_Isle
53,Tears_of_the_Fallen
54,Scoundrels_Rise
55,Lions_Arch
56,Cursed_Lands
57,Bergen_Hot_Springs
58,North_Kryta_Province
59,Nebo_Terrace
60,Majestys_Rest
61,Twin_Serpent_Lakes
62,Watchtower_Coast
63,Stingray_Strand
64,Kessex_Peak
65,DAlessio
66,All_Call_Click_Point_1
67,Burning_Isle
68,Frozen_Isle
69,Nomads_Isle
70,Druids_Isle
71,Isle_of_the_Dead
72,The_Underworld
73,Riverside_Province
74,Tournament_6
75,The_Hall_of_Heroes
76,Broken_Tower
77,House_zu_Heltzer
78,The_Courtyard
79,Unholy_Temples
80,Burial_Mounds
81,Ascalon_City
82,Tomb_of_the_Primeval_Kings
83,The_Vault
84,The_Underworld
85,Ascalon
86,Sacred_Temples
87,Icedome
88,Iron_Horse_Mine
89,Anvil_Rock
90,Lornars_Pass
91,Snake_Dance
92,Tascas_Demise
93,Spearhead_Peak
94,Ice_Floe
95,Witmans_Folly
96,Mineral_Springs
97,Dreadnoughts_Drift
98,Frozen_Forest
99,Travelers_Vale
100,Deldrimor_Bowl
101,Regent_Valley
102,The_Breach
103,Ascalon_Foothills
104,Pockmark_Flats
105,Dragons_Gullet
106,Flame_Temple_Corridor
107,Eastern_Frontier
108,The_Scar
109,The_Amnoon_Oasis
110,Diviners_Ascent
111,Vulture_Drifts
112,The_Arid_Sea
113,Prophets_Path
114,Salt_Flats
115,Skyward_Reach
116,Dunes_of_Despair
117,Thirsty_River
118,Elona_Reach
119,Augury_Rock
120,The_Dragons_Lair
121,Perdition_Rock
122,Ring_of_Fire
123,Abaddons_Mouth
124,Hells_Precipice
125,Titans_Tears
126,Golden_Gates
127,Scarred_Earth
128,The_Eternal_Grove
129,Lutgardis_Conservatory
130,Vasburg_Armory
131,Serenity_Temple
132,Ice_Tooth_Cave
133,Beacons_Perch
134,Yaks_Bend
135,Frontier_Gate
136,Beetletun
137,Fishermens_Haven
138,Temple_of_the_Ages
139,Ventaris_Refuge
140,Druids_Overlook
141,Maguuma_Stade
142,Quarrel_Falls
143,Ascalon_Academy
144,Gyala_Hatchery
145,The_Catacombs
146,Lakeside_County
147,The_Northlands
148,Ascalon_City
149,Ascalon_Academy
150,Ascalon_Academy_PvP_battle
151,Ascalon_Academy
152,Heroes_Audience
153,Seekers_Passage
154,Destinys_Gorge
155,Camp_Rankor
156,The_Granite_Citadel
157,Marhans_Grotto
158,Port_Sledge
159,Copperhammer_Mines
160,green_Hills_County
161,Wizards_Folly
162,PreSearing_Regent_valley
163,PreSearing_The_Barradin_Estate
164,PreSearing_Ashford_Abbey
165,PreSearing_Foibles_Fair
166,PreSearing_Fort_Ranik
167,Burning_Isle
168,Druids_Isle
169,Unkown
170,Frozen_Isle
171,Warriors_Isle
172,Hunters_Isle
173,Wizards_Isle
174,Nomads_Isle
175,Isle_of_the_Dead
176,Frozen_Isle
177,Nomads_Isle
178,Druids_Isle
179,Isle_of_the_Dead
180,Fort_Koga
181,Shiverpeak
182,Amnoon
183,Deldrimor
184,The_Crag
185,The_Underworld
186,The_Underworld
187,The_Underworld
188,Randoms
189,Teams
190,Sorrows_Furnace
191,Grenths_Footprint
192,All_Call_Click_Point_2
193,Cavalon
194,Kaineng_Center
195,Drazach_Thicket
196,Jaya_Bluff
197,Shenzun_Tunnels
198,Archipelagos
199,Maishang_Hills
200,Mount_Qinkai
201,Melandrus_Hope
202,Rheas_Crater
203,Silent_Surf
204,Unwaking_Waters_Kurzick
205,Morostav_Trail
206,Deldrimor_War_Camp
207,Dragons_Thieves
208,Heroes_Crypt
209,Mourning_Veil_Falls
210,Ferndale
211,Pongmei_Valley
212,Monastery_Overlook
213,Zen_Daijun
214,Minister_Chos_Estate
215,Vizunah_Square
216,Nahpui_Quarter
217,Tahnnakai_Temple
218,Arborstone
219,Boreas_Seabed
220,Sunjiang_District
221,Fort_Aspenwood
222,The_Eternal_Grove
223,The_Jade_Quarry
224,Gyala_Hatchery
225,Raisu_Palace
226,Imperial_Sanctum
227,Unwaking_Waters_Luxon
228,Grenz_Frontier
229,The_Ancestral_Lands
230,Amatz_Basin
231,Kaanai_Canyon
232,Shadows_Passage
233,Raisu_Palace
234,The_Aurios_Mines
235,Panjiang_Peninsula
236,Kinya_Province
237,Haiju_Lagoon
238,Sunqua_Vale
239,Waijun_Bazaar
240,Bukdek_Byway
241,The_Undercity
242,Shing_Jea_Monastery
243,Shing_Jea
244,Arborstone
245,Minister_Chos_Estate
246,Zen_Daijun
247,Boreas_Seabed
248,Great_Temple_of_Balthazar
249,Tsumei_Village
250,Seitung_Harbor
251,Ran_Musu_Gardens
252,Linnok_Courtyard
253,Dwayna_Vs_Grenth
254,Dwaynas_Camp
255,Grenths_Camp
256,Sunjiang_District
257,Minister_Chos_Estate
258,Zen_Daijun
259,The_Jade_Quarry_Kurzick
260,Nahpui_Quarter
261,Tahnnakai_Temple
262,Arborstone
263,Boreas_Seabed
264,Sunjiang_District
265,Nahpui_Quarter
266,Urgozs_Warren
267,The_Eternal_Grove
268,Gyala_Hatchery
269,Tahnnakai_Temple
270,Raisu_Palace
271,Imperial_Sanctum
272,Altrumm_Ruins
273,Zos_Shivros_Channel
274,Dragons_Throat
275,Isle_of_Weeping_Stone
276,Isle_of_Jade
277,Harvest_Temple
278,Breaker_Hollow
279,Leviathan_Pits
280,Isle_of_the_Nameless
281,Zaishen_Challenge
282,Zaishen_Elite
283,Maatu_Keep
284,Zin_Ku_Corridor
285,Monastery_Overlook
286,Brauer_Academy
287,Durheim_Archives
288,Bai_Paasu_Reach
289,Seafarers_Rest
290,Bejunkan_Pier
291,Vizunah_Square_Local_Quarter
292,Vizunah_Square_Foreign_Quarter
293,Fort_Aspenwood_Luxon
294,Fort_Aspenwood_Kurzick
295,The_Jade_Quarry_Luxon
296,The_Jade_Quarry_Kurzick
297,Unwaking_Waters_Luxon
298,Unwaking_Waters_Kurzick
299,Saltspray_Beach
300,Etnaran_Keys
301,Raisu_Pavillion
302,Kaineng_Docks
303,The_Marketplace
304,Vizunah_Square_Local_Quarter
305,Vizunah_Square_Foreign_Quarter
306,The_Jade_Quarry_Luxon
307,The_Deep
308,Ascalon
309,Annihilation
310,Kill_Count_Training
311,Annihilation
312,Obelisk_Annihilation_Training
313,Saoshang_Trail
314,Shiverpeak
315,Unkown
316,Unkown
317,Unkown
318,DAlessio
319,Amnoon
320,Fort_Koga
321,Heroes_Crypt
322,Shiverpeak
323,Fort_Aspenwood_Kurzick
324,Fort_Aspenwood_Luxon
325,The_Harvest_Ceremony
326,The_Harvest_Ceremony
327,Imperial_Sanctum
328,Saltspray_Beach_Luxon
329,Saltspray_Beach_Kurzick
330,Heroes_Ascent
331,Grenz_Frontier_Luxon
332,Grenz_Frontier_Kurzick
333,The_Ancestral_Lands_Luxon
334,The_Ancestral_Lands_Kurzick
335,Etnaran_Keys_Luxon
336,Etnaran_Keys_Kurzick
337,Kaanai_Canyon_Luxon
338,Kaanai_Canyon_Kurzick
339,DAlessio
340,Amnoon
341,Fort_Koga
342,Heroes_Crypt
343,Shiverpeak
344,The_Hall_of_Heroes
345,The_Courtyard
346,Scarred_Earth
347,The_Underworld
348,Tanglewood_Copse
349,Saint_Anjekas_Shrine
350,Eredon_Terrace
351,Divine_Path
352,Brawlers_Pit
353,Petrified
354,Seabed
355,Isle_of_Weeping_Stone
356,Isle_of_Jade
357,Imperial_Isle
358,Isle_of_Meditation
359,Imperial_Isle
360,Isle_of_Meditation
361,Isle_of_Weeping_Stone
362,Isle_of_Jade
363,Imperial_Isle
364,Isle_of_Meditation
365,Random_Arenas_Test
366,Shing_Jea_Arena
367,All_Skills
368,Dragon
369,Jahai_Bluffs
370,Kamadan_Jewel_of_Istan
371,Marga_Coast
372,Fahranur
373,Sunward_Marches
374,Roleplaying_Character
375,Barbarous_Shore
376,Camp_Hojanu
377,Bahdok_Caverns
378,Wehhan_Terraces
379,Dejarin_Estate
380,Arkjok_Ward
381,Yohlon_Haven
382,Gandara_the_Moon_Fortress
383,Vortex
384,The_Floodplain_of_Mahnkelon
385,Lions_Arch_during_Sunspears_in_Kryta
386,Turais_Procession
387,Sunspear_Sanctuary
388,Aspenwood_Gate_Kurzick
389,Aspenwood_Gate_Luxon
390,Jade_Flats_Kurzick
391,Jade_Flats_Luxon
392,Yatendi_Canyons
393,Chantry_of_Secrets
394,Garden_of_Seborhin
395,HoldingsOfChokhin
396,Mihanu_Township
397,Vehjin_Mines
398,Basalt_Grotto
399,Forum_Highlands
400,Kaineng_Center_during_Sunspears_in_Cantha
401,Sebelkeh_Basilica
402,Resplendent_Makuun
403,Honur_Hill
404,Wilderness_of_Bahdza
405,Sun_Docks
406,Vehtendi_Valley
407,Yahnur_Market
408,Here_Be_Dragons
409,Here_Be_Dragons
410,Here_Be_Dragons
411,Here_Be_Dragons
412,Here_Be_Dragons
413,The_Hidden_City_of_Ahdashim
414,The_Kodash_Bazaar
415,Lions_gate
416,Monastery_Overlook
417,Bejunkan_Pier
418,Lions_Gate
419,The_Mirror_of_Lyss
420,Secure_the_Refuge
421,Venta_Cemetery
422,Bad_Tide_Rising_Kamadan
423,The_Tribunal
424,Kodonur_Crossroads
425,Rilohn_Refuge
426,Pogahn_Passage
427,Moddok_Crevice
428,Tihark_Orchard
429,Consulate
430,Plains_of_Jarin
431,Sunspear_Great_Hall
432,Cliffs_of_Dohjok
433,Dzagonur_Bastion
434,Dasha_Vestibule
435,Grand_Court_of_Sebelkeh
436,Command_Post
437,Jokos_Domain
438,Bone_Palace
439,The_Ruptured_Heart
440,The_Mouth_of_Torment
441,The_Shattered_Ravines
442,Lair_of_the_Forgotten
443,Poisoned_Outcrops
444,The_Sulfurous_Wastes
445,The_Ebony_Citadel_of_Mallyx
446,The_Alkali_Pan
447,A_Land_of_Heroes
448,Crystal_Overlook
449,Kamadan_Jewel_of_Istan
450,Gate_of_Torment
451,Gate_of_Anguish
452,Secure_the_Refuge
453,Evacuation
454,Test_Map
455,Nightfallen_Garden
456,Chuurhir_Fields
457,Beknur_Harbor
458,Kodonur_Crossroads
459,Rilohn_Refuge
460,Pogahn_Passage
461,The_Underworld
462,Heart_of_Abaddon
463,The_Underworld
464,Nightfallen_Coast
465,Nightfallen_Jahai
466,Depths_of_Madness
467,Rollerbeetle_Racing
468,Domain_of_Fear
469,Gate_of_Fear
470,Domain_of_Pain
471,Bloodstone_Fen
472,Domain_of_Secrets
473,Gate_of_Secrets
474,Domain_of_Anguish
475,Ooze_Pit
476,Jennurs_Horde
477,Nundu_Bay
478,Gate_of_Desolation
479,Champions_Dawn
480,Ruins_of_Morah
481,Fahranur_The_First_City
482,Bjora_Marches
483,Zehlon_Reach
484,Lahtenda_Bog
485,Arbor_Bay
486,Issnur_Isles
487,Beknur_Harbor
488,Mehtani_Keys
489,Kodlonu_Hamlet
490,Island_of_Shehkah
491,Jokanur_Diggings
492,Blacktide_Den
493,Consulate_Docks
494,Gate_of_Pain
495,Gate_of_Madness
496,Abaddons_Gate
497,Sunspear
498,Unkown
499,Ice_Cliff_Chasms
500,Bokka_Amphitheatre
501,Riven_Earth
502,The_Astralarium
503,Throne_of_Secrets
504,Churranu_Island
505,Shing_Jea_Monastery
506,Haiju_Lagoon
507,Jaya_Bluffs
508,Seitung_Harbor
509,Tsumei_Village
510,Seitung_Harbor
511,Tsumei_Village
512,Minister_Chos_Estate
513,Drakkar_Lake
514,Island_of_Shehkah
515,Jokanur_Diggings
516,Blacktide_Den
517,Consulate_Docks
518,Tihark_Orchard
519,Dzagonur_Bastion
520,Hidden_City_of_Ahdashim
521,Grand_Court_of_Sebelkeh
522,Jennurs_Horde
523,Nundu_Bay
524,Gates_of_Desolation
525,Ruins_of_Morah
526,Domain_of_Pain
527,Gate_of_Madness
528,Abaddons_Gate
529,Uncharted_Isle
530,Isle_of_Wurms
531,Uncharted_Isle
532,Isle_of_Wurms
533,Uncharted_Isle
534,Isle_of_Wurms
535,Ahmtur_Arena
536,Sunspear
537,Corrupted_Isle
538,Isle_of_Solitude
539,Corrupted_Isle
540,Isle_of_Solitude
541,Corrupted_Isle
542,Isle_of_Solitude
543,Sun_Docks
544,Chahbek_Village
545,Remains_of_Sahlahja
546,Jaga_Moraine
547,Bombardment
548,Norrhart_Domains
549,Hero_Battles
550,The_Beachhead
551,The_Crossing
552,Desert_Sands
553,Varajar_Fells
554,Dajkah_Inlet
555,The_Shadow_Nexus
556,Chahbek_Village
557,Throne_Of_Secrets
558,Sparkfly_Swamp
559,Gate_of_the_Nightfallen_Lands
560,Cathedral_of_Flames
561,The_Troubled_Keeper
562,Fortress_of_Jahai
563,Halls_of_Chokhin
564,Citadel_of_Dzagon
565,Dynastic_Tombs
566,Verdant_Cascades
567,Cathedral_of_Flames_Lvl1
568,Cathedral_of_Flames_Lvl2
569,Magus_Stones
570,Catacombs_of_Kathandrax_Lvl1
571,Catacombs_of_Kathandrax_Lvl2
572,Alcazia_Tangle
573,Rragars_Menagerie_Lvl1
574,Rragars_Menagerie_Lvl2
575,Rragars_Menagerie_Lvl3
576,Ooza_Pit
577,Slavers_Exile
578,Oolas_Lab_Lvl1
579,Oolas_Lab_Lvl2
580,Oolas_Lab_Lvl3
581,Shards_of_Oor_Lvl1
582,Shards_of_Oor_Lvl2
583,Shards_of_Oor_Lvl3
584,Arachnis_Haunt_Lvl1
585,Arachnis_Haunt_Lvl2
586,Burning_Embers
587,Burning_Furnace
588,Burning_Temple
589,Catacombs_Lush
590,Catacombs_Stone
591,Catacombs_Tomb
592,5_team_test
593,Fetid_River
594,Overlook
595,Cemetery
596,Forgotten_Shrines
597,Track
598,Antechamber
599,Collision
600,The_Hall_of_Heroes
601,Frozen_Crevasse
602,Frozen_Depleted
603,Frozen_Fort
604,Vloxen_Excavations_Lvl1
605,Vloxen_Excavations_Lvl2
606,Vloxen_Excavations_Lvl3
607,Heart_of_the_Shiverpeaks_Lvl1
608,Heart_of_the_Shiverpeaks_Lvl2
609,Heart_of_the_Shiverpeaks_Lvl3
610,The_Journey_to_Nornheim
611,The_Journey_to_Nornheim
612,Bloodstone_Caves_Lvl1
613,Bloodstone_Caves_Lvl2
614,Bloodstone_Caves_Lvl3
615,Bogroot_Growths_Lvl1
616,Bogroot_Growths_Lvl2
617,Ravens_Point_Lvl1
618,Ravens_Point_Lvl2
619,Ravens_Point_Lvl3
620,Slavers_Exile_Lvl1
621,Slavers_Exile_Lvl2
622,Slavers_Exile_Lvl3
623,Slavers_Exile_Lvl4
624,Vloxs_Falls
625,Battledepths
626,Battledepths_Level_2
627,Battledepths_Level_3
628,Sepulchre_of_Dragrimmar_Lvl1
629,Sepulchre_of_Dragrimmar_Lvl2
630,Frostmaws_Burrows_Lvl1
631,Frostmaws_Burrows_Lvl2
632,Frostmaws_Burrows_Lvl3
633,Frostmaws_Burrows_Lvl4
634,Frostmaws_Burrows_Lvl5
635,Darkrime_Delves_Lvl1
636,Darkrime_Delves_Lvl2
637,Darkrime_Delves_Lvl3
638,Gadds_Encampment
639,Umbral_Grotto
640,Rata_Sum
641,Tarnished_Haven
642,Eye_of_the_North
643,Sifhalla
644,Gunnars_Hold
645,Olafstead
646,Hall_of_Monuments
647,Dalada_Uplands
648,Doomlore_Shrine
649,Grothmar_Wardowns
650,Longeyes_Ledge
651,Sacnoth_Valley
652,Central_Transfer_Chamber
653,Curse_of_the_Nornbear
654,Blood_Washes_Blood
655,A_Gate_Too_Far_Lvl1
656,A_Gate_Too_Far_Lvl2
657,A_Gate_Too_Far_Lvl3
658,The_Elusive_Golemancer_Lvl1
659,The_Elusive_Golemancer_Lvl2
660,The_Elusive_Golemancer_Lvl3
661,Finding_the_Bloodstone_Lvl1
662,Finding_the_Bloodstone_Lvl2
663,Finding_the_Bloodstone_Lvl3
664,Genius_Operated_Living_Enchanted_Manifestation
665,Against_the_Charr
666,Warband_of_Brothers_Lvl1
667,Warband_of_Brothers_Lvl2
668,Warband_of_Brothers_Lvl3
669,Assault_the_Stronghold
670,Destructions_Depths_Lvl1
671,Destructions_Depths_Lvl2
672,Destructions_Depths_Lvl3
673,A_Time_for_Heroes
674,Warband_Training
675,Boreal_Station
676,Catacombs_of_Kathandrax
677,Hall_of_Primordus
678,Attack_of_the_Nornbear
679,Cinematic_Cave_Norn_Cursed
680,Cinematic_Steppe_Interrogation
681,Cinematic_Interior_Research
682,Cinematic_Eye_Vision_A
683,Cinematic_Eye_Vision_B
684,Cinematic_Eye_Vision_C
685,Cinematic_Eye_Vision_D
686,Polymock_Coliseum
687,Polymock_Glacier
688,Polymock_Crossing
689,Cinematic_Mountain_Resolution
690,Cold_As_Ice
691,Beneath_Lions_Arch
692,Tunnels_Below_Cantha
693,Caverns_Below_Kamadan
694,Cinematic_Mountain_Dwarfs
695,Service_In_Defense_of_the_Eye
696,Mano_a_Norno
697,Service_Practice_Dummy
698,Hero_Tutorial
699,Prototype_Map
700,The_Norn_Fighting_Tournament
701,Secret_Lair_of_the_Snowmen
702,Norn_Brawling_Championship
703,Kilroys_Punchout_Training
704,Fronis_Irontoes_Lair
705,The_Justiciars_End
706,Designer_Test_Map
707,The_Great_Norn_Alemoot
708,Varajar_Fells
709,Battle_for_Nornheim
710,Epilogue
711,Insidious_Remnants
712,Unkown
713,Unkown
714,Unkown
715,Unkown
716,Unkown
717,Attack_on_Jaliss_Camp
718,Unkown
719,Unkown
720,Unkown
721,Costume_Brawl
722,Whitefury_Rapids
723,Kysten_Shore
724,Deepway_Ruins
725,Plikkup_Works
726,Kilroys_Punchout_Tournamet
727,Special_Ops_Flame_Temple_Corridor
728,Special_Ops_Dragon_Gullet
729,Special_Ops_Gendich_Courthouse
730,Unkown
731,Unkown
732,Unkown
733,Unkown
734,Unkown
735,Unkown
736,Unkown
737,Unkown
738,Unkown
739,Unkown
740,Unkown
741,Unkown
742,Unkown
743,Unkown
744,Unkown
745,Unkown
746,Unkown
747,Unkown
748,Unkown
749,Unkown
750,Unkown
751,Unkown
752,Unkown
753,Unkown
754,Unkown
755,Unkown
756,Unkown
757,Unkown
758,Unkown
759,Unkown
760,Unkown
761,Unkown
762,Unkown
763,Unkown
764,Unkown
765,Unkown
766,Unkown
767,Unkown
768,Unkown
769,Unkown
770,The_Tengu_Accords
771,The_battle_of_Jahai
772,The_Flight_North
773,The_Rise_of_the_White_Mantle
774,Unkown
775,Unkown
776,Unkown
777,Unkown
778,Unkown
779,Unkown
780,Unkown
781,Secret_Lair_of_the_Snowmen_Lvl1
782,Secret_Lair_of_the_Snowmen_Lvl2
783,Droknars_Forge
784,Isle_of_the_Nameless
785,Unkown
786,Unkown
787,Unkown
788,Deactivating_ROX
789,Deactivating_POX
790,Deactivating_NOX
791,Secret_Underground_Lair
792,Golem_Tutorial_Simulation
793,Snowball_Dominance
794,Zaishen_Menagerie_Grounds
795,Zaishen_Menagerie
796,Codex
797,Unkown
798,Unkown
799,Unkown
800,Unkown
801,Unkown
802,Unkown
803,Unkown
804,Unkown
805,Unkown
806,The_Underworld_Something_Wicked_This_Way_Comes
807,The_Underworld_Dont_Fear_the_Reapers
808,Lions_Arch_Halloween
809,Lions_Arch_Wintersday
810,Lions_Arch_Canthan_New_Year
811,Ascalon_City_Wintersday
812,Droknars_Forge_Halloween
813,Droknars_Forge_Wintersday
814,Tomb_of_the_Primeval_Kings_Halloween
815,Shing_Jea_Monastery_Dragon_Festival
816,Shing_Jea_Monastery_Canthan_New_Year
817,Kaineng_Center
818,Kamadan_Jewel_of_Istan_Halloween
819,Kamadan_Jewel_of_Istan_Wintersday
820,Kamadan_Jewel_of_Istan_Canthan_New_Year
821,Eye_of_the_North_Wintersday
822,Unkown
823,Unkown
824,Unkown
825,Unkown
826,Unkown
827,Unkown
828,Unkown
829,Unkown
830,Unkown
831,Unkown
832,Unkown
833,Unkown
834,Unkown
835,Unkown
836,Unkown
837,War_in_Kryta_Talmark_Wilderness
838,Trial_of_Zinn
839,Divinity_Coast
840,Lions_Arch_Keep
841,DAlessio_Seaboard
842,The_Battle_for_Lions_Arch
843,Riverside_Province
844,War_in_Kryta_Lions_Arch
845,The_Masoleum
846,Rise_Map
847,Shadows_in_the_Jungle
848,A_Vengeance_of_Blades
849,Auspicious_Beginnings
850,Unkown
851,Unkown
852,Unkown
853,Unkown
854,Olfstead
855,The_Great_Snowball_Fight_Crush_Spirits
856,The_Great_Snowball_Fight_Winter_Wonderland
857,Embark_Beach
858,Unkown
859,Unkown
860,What_Waits_in_Shadow_Dragons_Throat
861,A_Chance_Encounter_Kaineng_Center
862,Tracking_the_Corruption_Marketplace
863,Cantha_Courier_Bukdek_Byway
864,A_Treatys_a_Treaty_Tsumei_Village
865,Deadly_Cargo_Seitung_Harbor
866,The_Rescue_Attempt_Tahnnakai_Temple
867,Viloence_in_the_Streets_Wajjun_Bazaar
868,Sacred_Psyche
869,Calling_All_Thugs_Shadows_Passage
870,Finding_Jinnai_Altrumn_Ruins
871,Raid_on_Shing_Jea_Monastery_Shing_Jea_Monastery
872,Raid_on_Kaineng_Center_Kaineng_Center
873,Ministry_of_Oppression_Wajjun_Bazaar
874,The_Final_Confrontation
875,Lakeside_County_1070_AE
876,Ashford_Catacombs_1070_AE